{"cameraMode":{"drawMode":0,"name":"Shaded","section":"Shading Mode"},"sceneLighting":false,"audioPlay":false,"sceneViewState":{"m_AlwaysRefresh":false,"showFog":true,"showSkybox":false,"showFlares":true,"showImageEffects":true,"showParticleSystems":true,"showVisualEffectGraphs":true,"m_FxEnabled":true},"in2DMode":false,"pivot":{"x":6.709371089935303,"y":-0.12235116958618164,"z":7.616949081420898},"rotation":{"x":0.12957116961479188,"y":0.40524983406066897,"z":-0.058142051100730899,"w":0.9031075239181519},"size":6.939152240753174,"orthographic":false}